cid,	name,	address,	mobile_no,	order_id
1,	Aadhya	, Bengaluru,	9999888100	,10000
2,	Anaya	, Bengaluru,	9999888101	,10001
3,	Aarohi	, Bengaluru,	9999888102	,10002
4,	Meera	, Bengaluru,	9999888103	,10003
5,	Saanvi	, Bengaluru,	9999888104	,10004
6,	Kiara	, Bengaluru,	9999888105	,10005
7,	Aanya	, Bengaluru,	9999888106	,10006
8,	Avni	, Bengaluru,	9999888107	,10007
9,	Myra	, Bengaluru,	9999888108	,10008
10,	Ishita	, Bengaluru,	9999888109	,10009
11,	Anika	, Bengaluru,	9999888110	,10010
12,	Isha	, Bengaluru,	9999888111	,10011
13,	Pari	, Bengaluru,	9999888112	,10012
14,	Diya	, Bengaluru,	9999888113	,10013
15,	Riya	, Bengaluru,	9999888114	,10014
16,	Siya	, Bengaluru,	9999888115	,10015
17,	Vanya	, Bengaluru,	9999888116	,10016
18,	Prisha	, Bengaluru,	9999888117	,10017
19,	Charvi	, Bengaluru,	9999888118	,10018
20,	Kriti	, Bengaluru,	9999888119	,10019
21,	Navya	, Bengaluru,	9999888120	,10020
22,	Tanvi	, Bengaluru,	9999888121	,10021
23,	Aaradhya	, Bengaluru,	9999888122	,10022
24,	Kavya	, Bengaluru,	9999888123	,10023
25,	Nitya	, Bengaluru,	9999888124	,10024
26,	Trisha	, Bengaluru,	9999888125	,10025
27,	Shreya	, Bengaluru,	9999888126	,10026
28,	Mishka	, Bengaluru,	9999888127	,10027
29,	Tara	, Bengaluru,	9999888128	,10028
30,	Ruhi	, Bengaluru,	9999888129	,10029
31,	Niharika	, Bengaluru,	9999888130	,10030
32,	Vedika	, Bengaluru,	9999888131	,10031
33,	Simran	, Bengaluru,	9999888132	,10032
34,	Aastha	, Bengaluru,	9999888133	,10033
35,	Esha	, Bengaluru,	9999888134	,10034
36,	Bhavya	, Bengaluru,	9999888135	,10035
37,	Amaya	, Bengaluru,	9999888136	,10036
38,	Aditi	, Bengaluru,	9999888137	,10037
39,	Sakshi	, Bengaluru,	9999888138	,10038
40,	Ridhima	, Bengaluru,	9999888139	,10039
41,	Divya	, Bengaluru,	9999888140	,10040
42,	Sneha	, Bengaluru,	9999888141	,10041
43,	Ira	, Bengaluru,	9999888142	,10042
44,	Lavanya	, Bengaluru,	9999888143	,10043
45,	Pihu	, Bengaluru,	9999888144	,10044
46,	Mahika	, Bengaluru,	9999888145	,10045
47,	Ishleen	, Bengaluru,	9999888146	,10046
48,	Vritika	, Bengaluru,	9999888147	,10047
49,	Jhanvi	, Bengaluru,	9999888148	,10048
50,	Yashvi	, Bengaluru,	9999888149	,10049
51,	Aarav	, Delhi,	9999888150	,10050
52,	Vivaan	, Delhi,	9999888151	,10051
53,	Aditya	, Delhi,	9999888152	,10052
54,	Vihaan	, Delhi,	9999888153	,10053
55,	Arjun	, Delhi,	9999888154	,10054
56,	Reyansh	, Delhi,	9999888155	,10055
57,	Sai	, Delhi,	9999888156	,10056
58,	Ishaan	, Delhi,	9999888157	,10057
59,	Atharv	, Delhi,	9999888158	,10058
60,	Dhruv	, Delhi,	9999888159	,10059
61,	Advait	, Delhi,	9999888160	,10060
62,	Rohan	, Delhi,	9999888161	,10061
63,	Om	, Delhi,	9999888162	,10062
64,	Siddharth	, Delhi,	9999888163	,10063
65,	Yuvaan	, Delhi,	9999888164	,10064
66,	Shaurya	, Delhi,	9999888165	,10065
67,	Aarush	, Delhi,	9999888166	,10066
68,	Ansh	, Delhi,	9999888167	,10067
69,	Devansh	, Delhi,	9999888168	,10068
70,	Kabir	, Delhi,	9999888169	,10069
71,	Krish	, Delhi,	9999888170	,10070
72,	Rudra	, Delhi,	9999888171	,10071
73,	Manav	, Delhi,	9999888172	,10072
74,	Arnav	, Delhi,	9999888173	,10073
75,	Nirvaan	, Delhi,	9999888174	,10074
76,	Samar	, Delhi,	9999888175	,10075
77,	Pranav	, Delhi,	9999888176	,10076
78,	Lakshya	, Delhi,	9999888177	,10077
79,	Tanay	, Delhi,	9999888178	,10078
80,	Aryan	, Delhi,	9999888179	,10079
81,	Shreyas	, Delhi,	9999888180	,10080
82,	Viraj	, Delhi,	9999888181	,10081
83,	Kian	, Delhi,	9999888182	,10082
84,	Harsh	, Delhi,	9999888183	,10083
85,	Tanish	, Delhi,	9999888184	,10084
86,	Neel	, Delhi,	9999888185	,10085
87,	Vedant	, Delhi,	9999888186	,10086
88,	Ayansh	, Delhi,	9999888187	,10087
89,	Parth	, Delhi,	9999888188	,10088
90,	Tejas	, Delhi,	9999888189	,10089
91,	Ranveer	, Delhi,	9999888190	,10090
92,	Rishaan	, Delhi,	9999888191	,10091
93,	Chinmay	, Delhi,	9999888192	,10092
94,	Jai	, Delhi,	9999888193	,10093
95,	Kartik	, Delhi,	9999888194	,10094
96,	Uday	, Delhi,	9999888195	,10095
97,	Bhavya	, Delhi,	9999888196	,10096
98,	Yash	, Delhi,	9999888197	,10097
99,	Athan	, Delhi,	9999888198	,10098
100,	Shaan	, Delhi,	9999888199	,10099
101,	James	, Chicago, 	9999888200	,20000
102,	Michael	, Chicago, 	9999888201	,20001
103,	John	, Chicago, 	9999888202	,20002
104,	Robert	, Chicago, 	9999888203	,20003
105,	David	, Chicago, 	9999888204	,20004
106,	William	, Chicago, 	9999888205	,20005
107,	Richard	, Chicago, 	9999888206	,20006
108,	Joseph	, Chicago, 	9999888207	,20007
109,	Thomas	, Chicago, 	9999888208	,20008
110,	Christopher	, Chicago, 	9999888209	,20009
111,	Charles	, Chicago, 	9999888210	,20010
112,	Daniel	, Chicago, 	9999888211	,20011
113,	Matthew	, Chicago, 	9999888212	,20012
114,	Anthony	, Chicago, 	9999888213	,20013
115,	Mark	, Chicago, 	9999888214	,20014
116,	Steven	, Chicago, 	9999888215	,20015
117,	Donald	, Chicago, 	9999888216	,20016
118,	Andrew	, Chicago, 	9999888217	,20017
119,	Joshua	, Chicago, 	9999888218	,20018
120,	Paul	, Chicago, 	9999888219	,20019
121,	Kenneth	, Chicago, 	9999888220	,20020
122,	Kevin	, Chicago, 	9999888221	,20021
123,	Brian	, Chicago, 	9999888222	,20022
124,	Timothy	, Chicago, 	9999888223	,20023
125,	Ronald	, Chicago, 	9999888224	,20024
126,	Jason	, Chicago, 	9999888225	,20025
127,	George	, Chicago, 	9999888226	,20026
128,	Edward	, Chicago, 	9999888227	,20027
129,	Jeffrey	, Chicago, 	9999888228	,20028
130,	Ryan	, Chicago, 	9999888229	,20029
131,	Jacob	, Chicago, 	9999888230	,20030
132,	Nicholas	, Chicago, 	9999888231	,20031
133,	Gary	, Chicago, 	9999888232	,20032
134,	Eric	, Chicago, 	9999888233	,20033
135,	Jonathan	, Chicago, 	9999888234	,20034
136,	Stephen	, Chicago, 	9999888235	,20035
137,	Larry	, Chicago, 	9999888236	,20036
138,	Justin	, Chicago, 	9999888237	,20037
139,	Benjamin	, Chicago, 	9999888238	,20038
140,	Scott	, Chicago, 	9999888239	,20039
141,	Brandon	, Chicago, 	9999888240	,20040
142,	Samuel	, Chicago, 	9999888241	,20041
143,	Gregory	, Chicago, 	9999888242	,20042
144,	Alexander	, Chicago, 	9999888243	,20043
145,	Patrick	, Chicago, 	9999888244	,20044
146,	Frank	, Chicago, 	9999888245	,20045
147,	Jack	, Chicago, 	9999888246	,20046
148,	Raymond	, Chicago, 	9999888247	,20047
149,	Dennis	, Chicago, 	9999888248	,20048
150,	Tyler	, Chicago, 	9999888249	,20049
151,	Aaron	, Chicago, 	9999888250	,20050
152,	Jerry	, Chicago, 	9999888251	,20051
153,	Jose	, Chicago, 	9999888252	,20052
154,	Nathan	, Chicago, 	9999888253	,20053
155,	Adam	, Chicago, 	9999888254	,20054
156,	Henry	, Chicago, 	9999888255	,20055
157,	Zachary	, Chicago, 	9999888256	,20056
158,	Douglas	, Chicago, 	9999888257	,20057
159,	Peter	, Chicago, 	9999888258	,20058
160,	Noah	, Chicago, 	9999888259	,20059
161,	Kyle	, Chicago, 	9999888260	,20060
162,	Ethan	, Chicago, 	9999888261	,20061
163,	Christian	, Chicago, 	9999888262	,20062
164,	Jeremy	, Chicago, 	9999888263	,20063
165,	Keith	, Chicago, 	9999888264	,20064
166,	Austin	, Chicago, 	9999888265	,20065
167,	Sean	, Chicago, 	9999888266	,20066
168,	Roger	, Chicago, 	9999888267	,20067
169,	Terry	, Chicago, 	9999888268	,20068
170,	Walter	, Chicago, 	9999888269	,20069
171,	Dylan	, Chicago, 	9999888270	,20070
172,	Gerald	, Chicago, 	9999888271	,20071
173,	Carl	, Chicago, 	9999888272	,20072
174,	Jordan	, Chicago, 	9999888273	,20073
175,	Bryan	, Chicago, 	9999888274	,20074
176,	Gabriel	, Chicago, 	9999888275	,20075
177,	Jesse	, Chicago, 	9999888276	,20076
178,	Harold	, Chicago, 	9999888277	,20077
179,	Lawrence	, Chicago, 	9999888278	,20078
180,	Logan	, Chicago, 	9999888279	,20079
181,	Arthur	, Chicago, 	9999888280	,20080
182,	Bruce	, Chicago, 	9999888281	,20081
183,	Billy	, Chicago, 	9999888282	,20082
184,	Elijah	, Chicago, 	9999888283	,20083
185,	Joe	, Chicago, 	9999888284	,20084
186,	Alan	, Chicago, 	9999888285	,20085
187,	Juan	, Chicago, 	9999888286	,20086
188,	Liam	, Chicago, 	9999888287	,20087
189,	Willie	, Chicago, 	9999888288	,20088
190,	Mason	, Chicago, 	9999888289	,20089
191,	Albert	, Chicago, 	9999888290	,20090
192,	Randy	, Chicago, 	9999888291	,20091
193,	Wayne	, Chicago, 	9999888292	,20092
194,	Vincent	, Chicago, 	9999888293	,20093
195,	Lucas	, Chicago, 	9999888294	,20094
196,	Caleb	, Chicago, 	9999888295	,20095
197,	Luke	, Chicago, 	9999888296	,20096
198,	Bobby	, Chicago, 	9999888297	,20097
199,	Isaac	, Chicago, 	9999888298	,20098
200,	Bradley	, Chicago, 	9999888299	,20099
201,	Mary	, California, 	9999888300	,20100
202,	Patricia	, California, 	9999888301	,20101
203,	Jennifer	, California, 	9999888302	,20102
204,	Linda	, California, 	9999888303	,20103
205,	Elizabeth	, California, 	9999888304	,20104
206,	Barbara	, California, 	9999888305	,20105
207,	Susan	, California, 	9999888306	,20106
208,	Jessica	, California, 	9999888307	,20107
209,	Karen	, California, 	9999888308	,20108
210,	Sarah	, California, 	9999888309	,20109
211,	Lisa	, California, 	9999888310	,20110
212,	Nancy	, California, 	9999888311	,20111
213,	Sandra	, California, 	9999888312	,20112
214,	Ashley	, California, 	9999888313	,20113
215,	Emily	, California, 	9999888314	,20114
216,	Kimberly	, California, 	9999888315	,20115
217,	Betty	, California, 	9999888316	,20116
218,	Margaret	, California, 	9999888317	,20117
219,	Donna	, California, 	9999888318	,20118
220,	Michelle	, California, 	9999888319	,20119
221,	Carol	, California, 	9999888320	,20120
222,	Amanda	, California, 	9999888321	,20121
223,	Melissa	, California, 	9999888322	,20122
224,	Deborah	, California, 	9999888323	,20123
225,	Stephanie	, California, 	9999888324	,20124
226,	Rebecca	, California, 	9999888325	,20125
227,	Sharon	, California, 	9999888326	,20126
228,	Laura	, California, 	9999888327	,20127
229,	Cynthia	, California, 	9999888328	,20128
230,	Amy	, California, 	9999888329	,20129
231,	Kathleen	, California, 	9999888330	,20130
232,	Angela	, California, 	9999888331	,20131
233,	Dorothy	, California, 	9999888332	,20132
234,	Shirley	, California, 	9999888333	,20133
235,	Emma	, California, 	9999888334	,20134
236,	Brenda	, California, 	9999888335	,20135
237,	Nicole	, California, 	9999888336	,20136
238,	Pamela	, California, 	9999888337	,20137
239,	Samantha	, California, 	9999888338	,20138
240,	Anna	, California, 	9999888339	,20139
241,	Katherine	, California, 	9999888340	,20140
242,	Christine	, California, 	9999888341	,20141
243,	Debra	, California, 	9999888342	,20142
244,	Rachel	, California, 	9999888343	,20143
245,	Olivia	, California, 	9999888344	,20144
246,	Carolyn	, California, 	9999888345	,20145
247,	Maria	, California, 	9999888346	,20146
248,	Janet	, California, 	9999888347	,20147
249,	Heather	, California, 	9999888348	,20148
250,	Diane	, California, 	9999888349	,20149
251,	Catherine	, New York City, 	9999888350	,20150
252,	Julie	, New York City, 	9999888351	,20151
253,	Victoria	, New York City, 	9999888352	,20152
254,	Helen	, New York City, 	9999888353	,20153
255,	Joyce	, New York City, 	9999888354	,20154
256,	Lauren	, New York City, 	9999888355	,20155
257,	Kelly	, New York City, 	9999888356	,20156
258,	Christina	, New York City, 	9999888357	,20157
259,	Joan	, New York City, 	9999888358	,20158
260,	Judith	, New York City, 	9999888359	,20159
261,	Ruth	, New York City, 	9999888360	,20160
262,	Hannah	, New York City, 	9999888361	,20161
263,	Evelyn	, New York City, 	9999888362	,20162
264,	Andrea	, New York City, 	9999888363	,20163
265,	Virginia	, New York City, 	9999888364	,20164
266,	Megan	, New York City, 	9999888365	,20165
267,	Cheryl	, New York City, 	9999888366	,20166
268,	Jacqueline	, New York City, 	9999888367	,20167
269,	Madison	, New York City, 	9999888368	,20168
270,	Sophia	, New York City, 	9999888369	,20169
271,	Abigail	, New York City, 	9999888370	,20170
272,	Teresa	, New York City, 	9999888371	,20171
273,	Isabella	, New York City, 	9999888372	,20172
274,	Sara	, New York City, 	9999888373	,20173
275,	Janice	, New York City, 	9999888374	,20174
276,	Martha	, New York City, 	9999888375	,20175
277,	Gloria	, New York City, 	9999888376	,20176
278,	Kathryn	, New York City, 	9999888377	,20177
279,	Ann	, New York City, 	9999888378	,20178
280,	Charlotte	, New York City, 	9999888379	,20179
281,	Judy	, New York City, 	9999888380	,20180
282,	Amber	, New York City, 	9999888381	,20181
283,	Julia	, New York City, 	9999888382	,20182
284,	Grace	, New York City, 	9999888383	,20183
285,	Denise	, New York City, 	9999888384	,20184
286,	Danielle	, New York City, 	9999888385	,20185
287,	Natalie	, New York City, 	9999888386	,20186
288,	Alice	, New York City, 	9999888387	,20187
289,	Marilyn	, New York City, 	9999888388	,20188
290,	Diana	, New York City, 	9999888389	,20189
291,	Beverly	, New York City, 	9999888390	,20190
292,	Jean	, New York City, 	9999888391	,20191
293,	Brittany	, New York City, 	9999888392	,20192
294,	Theresa	, New York City, 	9999888393	,20193
295,	Frances	, New York City, 	9999888394	,20194
296,	Kayla	, New York City, 	9999888395	,20195
297,	Alexis	, New York City, 	9999888396	,20196
298,	Tiffany	, New York City, 	9999888397	,20197
299,	Lori	, New York City, 	9999888398	,20198
300,	Kathy	, New York City, 	9999888399	,20299
301,	Liam	, New York City, 	9999888400	,20200
302,	Noah	, New York City, 	9999888401	,20201
303,	Oliver	, New York City, 	9999888402	,20202
304,	Elijah	, New York City, 	9999888403	,20203
305,	William	, New York City, 	9999888404	,20204
306,	James	, New York City, 	9999888405	,20205
307,	Benjamin	, New York City, 	9999888406	,20206
308,	Lucas	, New York City, 	9999888407	,20207
309,	Henry	, New York City, 	9999888408	,20208
310,	Alexander	, New York City, 	9999888409	,20209
311,	Olivia	, New York City, 	9999888410	,20210
312,	Emma	, New York City, 	9999888411	,20211
313,	Sophia	, New York City, 	9999888412	,20212
314,	Isabella	, New York City, 	9999888413	,20213
315,	Ava	, New York City, 	9999888414	,20214
316,	Mia	, New York City, 	9999888415	,20215
317,	Charlotte	, New York City, 	9999888416	,20216
318,	Amelia	, New York City, 	9999888417	,20217
319,	Harper	, New York City, 	9999888418	,20218
320,	Evelyn	, New York City, 	9999888419	,20219
321,	Muhammad	, New York City, 	9999888420	,20220
322,	Ahmed	, New York City, 	9999888421	,20221
323,	Ali	, New York City, 	9999888422	,20222
324,	Yusuf	, New York City, 	9999888423	,20223
325,	Omar	, New York City, 	9999888424	,20224
326,	Fatima	, New York City, 	9999888425	,20225
327,	Aisha	, New York City, 	9999888426	,20226
328,	Zainab	, New York City, 	9999888427	,20227
329,	Maryam	, New York City, 	9999888428	,20228
330,	Khadija	, New York City, 	9999888429	,20229
331,	Mateo	, New York City, 	9999888430	,20230
332,	Santiago	, New York City, 	9999888431	,20231
333,	Sebastian	, New York City, 	9999888432	,20232
334,	Gabriel	, New York City, 	9999888433	,20233
335,	Samuel	, New York City, 	9999888434	,20234
336,	Sofia	, New York City, 	9999888435	,20235
337,	Valentina	, New York City, 	9999888436	,20236
338,	Camila	, New York City, 	9999888437	,20237
339,	Lucia	, New York City, 	9999888438	,20238
340,	Martina	, New York City, 	9999888439	,20239
341,	Ethan	, New York City, 	9999888440	,20240
342,	Michael	, New York City, 	9999888441	,20241
343,	Daniel	, New York City, 	9999888442	,20242
344,	Joseph	, New York City, 	9999888443	,20243
345,	David	, New York City, 	9999888444	,20244
346,	Emily	, New York City, 	9999888445	,20245
347,	Grace	, New York City, 	9999888446	,20246
348,	Chloe	, New York City, 	9999888447	,20247
349,	Lily	, New York City, 	9999888448	,20248
350,	Ella	, New York City, 	9999888449	,20249
351,	Jacob	,Hyderabad,	9999888450	,20250
352,	Matthew	,Hyderabad,	9999888451	,20251
353,	Andrew	,Hyderabad,	9999888452	,20252
354,	Joshua	,Hyderabad,	9999888453	,20253
355,	Christopher	,Hyderabad,	9999888454	,20254
356,	Abigail	,Hyderabad,	9999888455	,20255
357,	Madison	,Hyderabad,	9999888456	,20256
358,	Elizabeth	,Hyderabad,	9999888457	,20257
359,	Scarlett	,Hyderabad,	9999888458	,20258
360,	Victoria	,Hyderabad,	9999888459	,20259
361,	Leo	,Hyderabad,	9999888460	,20260
362,	Theodore	,Hyderabad,	9999888461	,20261
363,	Owen	,Hyderabad,	9999888462	,20262
364,	Samuel	,Hyderabad,	9999888463	,20263
365,	Isaac	,Hyderabad,	9999888464	,20264
366,	Penelope	,Hyderabad,	9999888465	,20265
367,	Aurora	,Hyderabad,	9999888466	,20266
368,	Hazel	,Hyderabad,	9999888467	,20267
369,	Nora	,Hyderabad,	9999888468	,20268
370,	Eleanor	,Hyderabad,	9999888469	,20269
371,	Robert	,Hyderabad,	9999888470	,20270
372,	Thomas	,Hyderabad,	9999888471	,20271
373,	Charles	,Hyderabad,	9999888472	,20272
374,	George	,Hyderabad,	9999888473	,20273
375,	William	,Hyderabad,	9999888474	,20274
376,	Alice	,Hyderabad,	9999888475	,20275
377,	Beatrice	,Hyderabad,	9999888476	,20276
378,	Clara	,Hyderabad,	9999888477	,20277
379,	Florence	,Hyderabad,	9999888478	,20278
380,	Rose	,Hyderabad,	9999888479	,20279
381,	Lucas	,Hyderabad,	9999888480	,20280
382,	Julian	,Hyderabad,	9999888481	,20281
383,	Adrian	,Hyderabad,	9999888482	,20282
384,	Felix	,Hyderabad,	9999888483	,20283
385,	Oscar	,Hyderabad,	9999888484	,20284
386,	Anna	,Hyderabad,	9999888485	,20285
387,	Julia	,Hyderabad,	9999888486	,20286
388,	Lena	,Hyderabad,	9999888487	,20287
389,	Sophie	,Hyderabad,	9999888488	,20288
390,	Eva	,Hyderabad,	9999888489	,20289
391,	Ben	,Hyderabad,	9999888490	,20290
392,	Max	,Hyderabad,	9999888491	,20291
393,	Jack	,Hyderabad,	9999888492	,20292
394,	Harry	,Hyderabad,	9999888493	,20293
395,	Oliver	,Hyderabad,	9999888494	,20294
396,	Freya	,Hyderabad,	9999888495	,20295
397,	Astrid	,Hyderabad,	9999888496	,20296
398,	Ingrid	,Hyderabad,	9999888497	,20297
399,	Sven	,Hyderabad,	9999888498	,20298
400,	Lars	,Hyderabad,	9999888499	,20300
